{
  "experiment": "register_steering_v2",
  "n_prompts": 50,
  "n_bootstrap": 10000,
  "registers": [
    "legal",
    "scientific",
    "colloquial",
    "journalistic"
  ],
  "analysis": {
    "legal": {
      "shift_score": {
        "mean": 0.06638111684471369,
        "std": 0.5901261089722203,
        "ci_95": [
          -0.10344541580881922,
          0.22763547160290182
        ],
        "wilcoxon_p": 0.17360343637231157,
        "n": 50
      },
      "lexical_diff": {
        "mean": -0.14,
        "std": 0.8002499609497024,
        "ci_95": [
          -0.38,
          0.06
        ],
        "wilcoxon_p": 0.8987367071720256,
        "mean_baseline": 0.26,
        "mean_steered": 0.12
      },
      "cross_lexical": {
        "legal": {
          "mean_diff": -0.14,
          "std": 0.8002499609497024,
          "ci_95": [
            -0.38,
            0.06
          ]
        },
        "scientific": {
          "mean_diff": 0.14,
          "std": 0.49030602688525055,
          "ci_95": [
            0.0,
            0.28
          ]
        },
        "colloquial": {
          "mean_diff": 0.14,
          "std": 0.4476605857119878,
          "ci_95": [
            0.02,
            0.28
          ]
        },
        "journalistic": {
          "mean_diff": 0.02,
          "std": 0.6779380502671317,
          "ci_95": [
            -0.16,
            0.20049999999999274
          ]
        }
      }
    },
    "scientific": {
      "shift_score": {
        "mean": 0.2225158440321684,
        "std": 0.6493912827007422,
        "ci_95": [
          0.04125180822424593,
          0.4014809428229928
        ],
        "wilcoxon_p": 0.007871719179810555,
        "n": 50
      },
      "lexical_diff": {
        "mean": 0.04,
        "std": 0.397994974842648,
        "ci_95": [
          -0.06,
          0.16
        ],
        "wilcoxon_p": 0.23975006109347669,
        "mean_baseline": 0.08,
        "mean_steered": 0.12
      },
      "cross_lexical": {
        "legal": {
          "mean_diff": -0.1,
          "std": 0.8999999999999999,
          "ci_95": [
            -0.34,
            0.16
          ]
        },
        "scientific": {
          "mean_diff": 0.04,
          "std": 0.397994974842648,
          "ci_95": [
            -0.08,
            0.16
          ]
        },
        "colloquial": {
          "mean_diff": 0.06,
          "std": 0.36932370625238775,
          "ci_95": [
            -0.02,
            0.18
          ]
        },
        "journalistic": {
          "mean_diff": 0.12,
          "std": 0.8158431221748457,
          "ci_95": [
            -0.1,
            0.36
          ]
        }
      }
    },
    "colloquial": {
      "shift_score": {
        "mean": 0.008505030311644077,
        "std": 0.28067555406990996,
        "ci_95": [
          -0.068518984593451,
          0.08890500240214166
        ],
        "wilcoxon_p": 0.5573428528806372,
        "n": 50
      },
      "lexical_diff": {
        "mean": -0.02,
        "std": 0.13999999999999999,
        "ci_95": [
          -0.06,
          0.0
        ],
        "wilcoxon_p": 0.8413447460685429,
        "mean_baseline": 0.02,
        "mean_steered": 0.0
      },
      "cross_lexical": {
        "legal": {
          "mean_diff": -0.2,
          "std": 0.6633249580710799,
          "ci_95": [
            -0.4,
            -0.04
          ]
        },
        "scientific": {
          "mean_diff": 0.02,
          "std": 0.24413111231467405,
          "ci_95": [
            -0.04,
            0.1
          ]
        },
        "colloquial": {
          "mean_diff": -0.02,
          "std": 0.13999999999999999,
          "ci_95": [
            -0.06,
            0.0
          ]
        },
        "journalistic": {
          "mean_diff": -0.04,
          "std": 0.5986651818838306,
          "ci_95": [
            -0.2,
            0.12
          ]
        }
      }
    },
    "journalistic": {
      "shift_score": {
        "mean": 0.03002421945333481,
        "std": 0.3845591617530996,
        "ci_95": [
          -0.07984836777113373,
          0.13355878282152114
        ],
        "wilcoxon_p": 0.1811215118736591,
        "n": 50
      },
      "lexical_diff": {
        "mean": 0.2,
        "std": 0.8944271909999159,
        "ci_95": [
          -0.04,
          0.44
        ],
        "wilcoxon_p": 0.06511463655238203,
        "mean_baseline": 0.28,
        "mean_steered": 0.48
      },
      "cross_lexical": {
        "legal": {
          "mean_diff": -0.06,
          "std": 0.8581375181169975,
          "ci_95": [
            -0.3,
            0.18
          ]
        },
        "scientific": {
          "mean_diff": 0.14,
          "std": 0.6931089380465383,
          "ci_95": [
            -0.02,
            0.36
          ]
        },
        "colloquial": {
          "mean_diff": 0.08,
          "std": 0.3919183588453085,
          "ci_95": [
            -0.02,
            0.2
          ]
        },
        "journalistic": {
          "mean_diff": 0.2,
          "std": 0.8944271909999159,
          "ci_95": [
            -0.04,
            0.46
          ]
        }
      }
    }
  }
}